split,discharge_died,discharge_home,subject_count,mean_feature,median_feature
held_out,0,0,4,281.1671865,272.167709
held_out,0,1,5,221.41547540000002,213.714279
held_out,1,0,1,190.0,190.0
train,0,0,28,245.20801350000002,233.23249800000002
train,0,1,40,221.1074463,209.52380349999999
train,1,0,12,170.72354516666667,141.7001265
tuning,0,0,3,237.00941966666664,226.769226
tuning,0,1,5,229.1439758,237.600006
tuning,1,0,2,238.10093899999998,238.10093899999998
