split,discharge_died,discharge_home,subject_count,mean_feature,median_feature
held_out,0,0,4,103.6506425,102.9957275
held_out,0,1,5,102.078485,103.190475
held_out,1,0,1,103.14286,103.14286
train,0,0,28,102.46588346428572,101.9312515
train,0,1,40,102.8081747,102.875
train,1,0,12,101.038786,100.0919725
tuning,0,0,3,102.30069233333334,102.526314
tuning,0,1,5,102.1335052,102.727272
tuning,1,0,2,94.4434815,94.4434815
