subject_id,target,predicted_probability,predicted_label
10012853,0,0.059736,0
10014729,0,0.056381,0
10016742,0,0.047143,0
10018423,0,0.095969,0
10019385,0,0.085088,0
10022880,0,0.12828,0
10023771,0,0.159177,0
10025463,1,0.101263,0
10026354,0,0.073983,0
10029484,0,0.081567,0
