bin_left,bin_right,count
3.025926,7.812943300000001,24
7.812943300000001,12.599960600000001,58
12.599960600000001,17.3869779,12
17.3869779,22.1739952,4
22.1739952,26.961012500000002,1
26.961012500000002,31.748029800000005,0
31.748029800000005,36.5350471,0
36.5350471,41.3220644,0
41.3220644,46.109081700000004,0
46.109081700000004,50.896099,1
