subject_id,target,predicted_probability,predicted_label
10012853,0,0.094937,0
10014729,0,0.029218,0
10016742,0,0.12052,0
10018423,0,0.126631,0
10019385,0,0.203367,0
10022880,0,0.049772,0
10023771,0,0.046285,0
10025463,1,0.07528,0
10026354,0,0.068413,0
10029484,0,0.049344,0
