bin_left,bin_right,count
15.4,69.26,27
69.26,123.12,52
123.12,176.98,69
176.98,230.84,90
230.84,284.7,63
284.7,338.55999999999995,28
338.55999999999995,392.41999999999996,14
392.41999999999996,446.28,8
446.28,500.14,2
500.14,554.0,1
