outcome,sex,patient_count,mean_feature,median_feature,mean_age
0,0,102,36.98702381372549,36.900000000000006,48.11764705882353
0,1,91,36.45333332967033,36.2,53.20879120879121
1,0,45,28.451621666666668,28.733333,69.86666666666666
1,1,118,29.017581889830506,29.012500000000003,68.59322033898304
