outcome,sex,patient_count,mean_feature,median_feature,mean_age
0,0,102,140.01928804901962,140.25,48.11764705882353
0,1,91,139.12276558241757,139.16,53.20879120879121
1,0,44,141.08977538636364,139.775,70.22727272727273
1,1,117,142.39844593162394,141.66,68.5042735042735
