subject_id,target,predicted_probability,predicted_label
10012853,0,0.122248,0
10014729,0,0.066991,0
10016742,0,0.186382,0
10018423,0,0.117194,0
10019385,0,0.06032,0
10022880,0,0.100179,0
10023771,0,0.125106,0
10025463,1,0.090299,0
10026354,0,0.047404,0
10029484,0,0.051158,0
