outcome,sex,patient_count,mean_feature,median_feature,mean_age
0,0,102,4.695618598039216,3.675,48.11764705882353
0,1,91,5.343802197802198,4.875,53.20879120879121
1,0,45,9.83123811111111,8.016667,69.86666666666666
1,1,118,14.040309440677966,11.350000000000001,68.59322033898304
