bin_left,bin_right,count
0.305556,1.2561115,74
1.2561115,2.2066670000000004,14
2.2066670000000004,3.1572225000000005,5
3.1572225000000005,4.107778000000001,4
4.107778000000001,5.058333500000001,1
5.058333500000001,6.008889000000001,0
6.008889000000001,6.959444500000001,1
6.959444500000001,7.910000000000001,0
7.910000000000001,8.8605555,0
8.8605555,9.811111,1
