bin_left,bin_right,count
5.875,13.3120613,25
13.3120613,20.7491226,43
20.7491226,28.186183900000003,10
28.186183900000003,35.6232452,4
35.6232452,43.0603065,7
43.0603065,50.497367800000006,3
50.497367800000006,57.9344291,3
57.9344291,65.3714904,1
65.3714904,72.80855170000001,1
72.80855170000001,80.245613,3
