subject_id,target,predicted_probability,predicted_label
10012853,0,0.070172,0
10014729,0,0.021092,0
10016742,0,0.042136,0
10018423,0,0.060836,0
10019385,0,0.069841,0
10022880,0,0.050375,0
10023771,0,0.07573,0
10025463,1,0.121026,0
10026354,0,0.05536,0
10029484,0,0.043881,0
