bin_left,bin_right,count
119.1,125.14999999999999,3
125.14999999999999,131.2,8
131.2,137.25,51
137.25,143.29999999999998,221
143.29999999999998,149.35,45
149.35,155.39999999999998,17
155.39999999999998,161.45,4
161.45,167.5,4
167.5,173.54999999999998,0
173.54999999999998,179.6,1
