bin_left,bin_right,count
89.08696,92.11355830000001,1
92.11355830000001,95.1401566,6
95.1401566,98.1667549,8
98.1667549,101.1933532,20
101.1933532,104.21995150000001,38
104.21995150000001,107.2465498,17
107.2465498,110.2731481,7
110.2731481,113.2997464,2
113.2997464,116.32634469999999,0
116.32634469999999,119.352943,1
