outcome,sex,patient_count,mean_feature,median_feature,mean_age
0,0,102,4.244163647058824,4.188333500000001,48.11764705882353
0,1,91,4.360741769230769,4.33,53.20879120879121
1,0,44,4.232459954545455,4.205,70.22727272727273
1,1,117,4.645593333333333,4.576667,68.5042735042735
