split,discharge_died,discharge_home,subject_count,mean_feature,median_feature
held_out,0,0,4,140.00214,140.555557
held_out,0,1,5,136.65445540000002,136.714279
held_out,1,0,1,139.0,139.0
train,0,0,28,138.15839382142858,138.19444249999998
train,0,1,40,138.09360695,138.061905
train,1,0,12,138.42458866666666,136.712494
tuning,0,0,3,139.27512133333335,140.052628
tuning,0,1,5,137.4118408,139.279999
tuning,1,0,2,132.707245,132.707245
