bin_left,bin_right,count
22.86923,25.5453842,2
25.5453842,28.2215384,14
28.2215384,30.897692600000003,22
30.897692600000003,33.5738468,17
33.5738468,36.250001,18
36.250001,38.926155200000004,15
38.926155200000004,41.6023094,7
41.6023094,44.2784636,2
44.2784636,46.9546178,2
46.9546178,49.630772,1
