outcome,sex,patient_count,mean_feature,median_feature,mean_age
0,0,102,101.18802288235294,101.725,48.11764705882353
0,1,91,100.77221610989011,100.8,53.20879120879121
1,0,44,103.67302756818181,101.82499999999999,70.22727272727273
1,1,117,104.19079161538463,104.1,68.5042735042735
