bin_left,bin_right,count
18.55,21.325,2
21.325,24.1,18
24.1,26.875,28
26.875,29.65,54
29.65,32.425,64
32.425,35.2,51
35.2,37.974999999999994,62
37.974999999999994,40.75,48
40.75,43.52499999999999,23
43.52499999999999,46.3,6
