bin_left,bin_right,count
7.696154,8.6603847,8
8.6603847,9.6246154,18
9.6246154,10.5888461,18
10.5888461,11.5530768,19
11.5530768,12.5173075,18
12.5173075,13.4815382,11
13.4815382,14.4457689,4
14.4457689,15.409999599999999,2
15.409999599999999,16.3742303,1
16.3742303,17.338461,1
