split,discharge_died,discharge_home,subject_count,mean_feature,median_feature
held_out,0,0,4,10.79692275,10.109719
held_out,0,1,5,11.6065716,12.675
held_out,1,0,1,14.575001,14.575001
train,0,0,28,11.12289525,10.87848
train,0,1,40,11.0333653,10.998660999999998
train,1,0,12,10.350793583333333,9.8177085
tuning,0,0,3,9.26083,9.221429
tuning,0,1,5,12.170995399999999,12.219999
tuning,1,0,2,10.176648499999999,10.176648499999999
