subject_id,target,predicted_probability,predicted_label
10012853,0,0.03162,0
10014729,0,0.159943,0
10016742,0,0.192783,0
10018423,0,0.151942,0
10019385,0,0.083876,0
10022880,0,0.092826,0
10023771,0,0.096199,0
10025463,1,0.046648,0
10026354,0,0.162786,0
10029484,0,0.095587,0
