{
  "task_type": "linear_regression",
  "train_rows": 90,
  "held_out_rows": 10,
  "r2": -0.803528,
  "mae": 5170.424778,
  "rmse": 5471.105845
}