subject_id,target,prediction
10012853,6067.0,11509.592402
10014729,4939.0,6997.575973
10016742,15606.0,8810.42118
10018423,2575.0,6835.57938
10019385,3359.0,8178.113472
10022880,1488.0,6840.656476
10023771,3729.0,8573.839116
10025463,1584.0,10775.421398
10026354,2160.0,5805.839511
10029484,1047.0,6340.051231
