subject_id,target,prediction
10012853,6067.0,9086.802367
10014729,4939.0,8604.689515
10016742,15606.0,9021.241445
10018423,2575.0,8057.860353
10019385,3359.0,7701.658272
10022880,1488.0,7849.074456
10023771,3729.0,8305.95358
10025463,1584.0,9898.863707
10026354,2160.0,9429.375194
10029484,1047.0,8756.808185
