outcome,sex,patient_count,mean_feature,median_feature,mean_age
0,0,103,249.9058483592233,242.0,48.05825242718446
0,1,90,234.09333333333336,220.0,53.144444444444446
1,0,45,147.10772488888887,132.666667,69.86666666666666
1,1,116,139.45773575,126.66666649999999,68.52586206896552
