bin_left,bin_right,count
29.125,73.753125,4
73.753125,118.38125,4
118.38125,163.00937499999998,12
163.00937499999998,207.6375,26
207.6375,252.265625,23
252.265625,296.89374999999995,11
296.89374999999995,341.52187499999997,11
341.52187499999997,386.15,4
386.15,430.778125,2
430.778125,475.40625,3
