outcome,sex,patient_count,mean_feature,median_feature,mean_age
0,0,102,2.1913414803921567,2.19,48.11764705882353
0,1,91,2.170846142857143,2.17,53.20879120879121
1,0,44,1.9949804999999998,2.0,70.22727272727273
1,1,117,2.0144871196581193,2.005,68.5042735042735
