bin_left,bin_right,count
3.13,3.503,20
3.503,3.876,43
3.876,4.2490000000000006,86
4.2490000000000006,4.622,108
4.622,4.995,48
4.995,5.368,24
5.368,5.741,12
5.741,6.114000000000001,4
6.114000000000001,6.487,5
6.487,6.86,4
