outcome,sex,patient_count,mean_feature,median_feature,mean_age
0,0,103,119.62093158252428,120.25,48.05825242718446
0,1,91,134.19661173626375,136.5,52.91208791208791
1,0,45,116.77333335555555,115.0,69.86666666666666
1,1,117,127.28798858119659,126.0,68.47008547008546
