bin_left,bin_right,count
3.4375,3.6515278,6
3.6515278,3.8655556,22
3.8655556,4.079583400000001,21
4.079583400000001,4.2936112,24
4.2936112,4.507639,10
4.507639,4.7216668,10
4.7216668,4.935694600000001,2
4.935694600000001,5.1497224,3
5.1497224,5.3637502,1
5.3637502,5.577778,1
