bin_left,bin_right,count
0.1,32.089999999999996,150
32.089999999999996,64.08,56
64.08,96.07,39
96.07,128.06,32
128.06,160.04999999999998,27
160.04999999999998,192.04,18
192.04,224.02999999999997,18
224.02999999999997,256.02,7
256.02,288.01,4
288.01,320.0,2
