bin_left,bin_right,count
1.7,7.34,223
7.34,12.979999999999999,73
12.979999999999999,18.619999999999997,24
18.619999999999997,24.259999999999998,15
24.259999999999998,29.9,9
29.9,35.54,4
35.54,41.18,5
41.18,46.82,2
46.82,52.46,0
52.46,58.1,1
