outcome,sex,patient_count,mean_feature,median_feature,mean_age
0,0,102,92.4275676862745,54.75,48.11764705882353
0,1,91,91.31575092307693,83.0,53.20879120879121
1,0,45,88.6242328,73.0,69.86666666666666
1,1,118,136.7480360423729,96.0,68.59322033898304
