split,discharge_died,discharge_home,subject_count,mean_feature,median_feature
held_out,0,0,4,33.3816125,33.227365500000005
held_out,0,1,5,34.5278524,37.0625
held_out,1,0,1,42.375,42.375
train,0,0,28,33.99453364285714,33.5309715
train,0,1,40,33.008281800000006,32.9229905
train,1,0,12,31.861752166666665,30.422455
tuning,0,0,3,28.49252633333333,28.49375
tuning,0,1,5,35.3119456,35.560001
tuning,1,0,2,30.8810435,30.8810435
