split,discharge_died,discharge_home,subject_count,mean_feature,median_feature
held_out,0,0,4,17.9804635,18.8379115
held_out,0,1,5,15.953651000000002,17.833334
held_out,1,0,1,20.799999,20.799999
train,0,0,28,23.599852071428568,18.513889499999998
train,0,1,40,18.549719924999998,15.8777775
train,1,0,12,43.80749866666667,42.1794875
tuning,0,0,3,24.402869666666664,17.526316
tuning,0,1,5,13.653766000000001,13.857142
tuning,1,0,2,32.1118,32.1118
