bin_left,bin_right,count
0.835,37.0348333,346
37.0348333,73.2346666,4
73.2346666,109.4344999,3
109.4344999,145.63433320000001,0
145.63433320000001,181.8341665,2
181.8341665,218.03399980000003,1
218.03399980000003,254.23383310000003,0
254.23383310000003,290.4336664,0
290.4336664,326.6334997,0
326.6334997,362.833333,1
