split,discharge_died,discharge_home,subject_count,mean_feature,median_feature
held_out,0,0,4,8.96344475,8.836413
held_out,0,1,5,9.5717858,9.0
held_out,1,0,1,8.225,8.225
train,0,0,28,10.294005035714287,9.5799685
train,0,1,40,11.571857675,10.307264499999999
train,1,0,12,10.122314333333334,10.914037
tuning,0,0,3,11.241782666666666,13.207143
tuning,0,1,5,11.242066,11.0
tuning,1,0,2,7.9352485,7.9352485
