outcome,sex,patient_count,mean_feature,median_feature,mean_age
0,0,103,16.244901980582522,6.01,48.05825242718446
0,1,91,7.30292767032967,5.774,52.91208791208791
1,0,45,13.993868266666666,12.925,69.86666666666666
1,1,118,13.977900355932205,12.08125,68.34745762711864
