bin_left,bin_right,count
126.347824,128.5248061,2
128.5248061,130.7017882,0
130.7017882,132.8787703,3
132.8787703,135.05575240000002,15
135.05575240000002,137.2327345,16
137.2327345,139.4097166,32
139.4097166,141.5866987,18
141.5866987,143.7636808,8
143.7636808,145.9406629,3
145.9406629,148.117645,3
