bin_left,bin_right,count
116.0,291.1,168
291.1,466.2,65
466.2,641.3,41
641.3,816.4,36
816.4,991.5,18
991.5,1166.6,11
1166.6,1341.7,5
1341.7,1516.8,4
1516.8,1691.8999999999999,3
1691.8999999999999,1867.0,5
