bin_left,bin_right,count
63.125,74.6125,4
74.6125,86.1,3
86.1,97.5875,16
97.5875,109.075,39
109.075,120.5625,74
120.5625,132.05,94
132.05,143.53750000000002,71
143.53750000000002,155.025,36
155.025,166.5125,16
166.5125,178.0,3
